{
  "Total" : {
    "transaction" : "Total",
    "sampleCount" : 2384,
    "errorCount" : 4,
    "errorPct" : 0.16778524,
    "meanResTime" : 2517.2546140939517,
    "medianResTime" : 1735.5,
    "minResTime" : 926.0,
    "maxResTime" : 35550.0,
    "pct1ResTime" : 4063.0,
    "pct2ResTime" : 4818.5,
    "pct3ResTime" : 21247.400000000052,
    "throughput" : 3.9620678537358778,
    "receivedKBytesPerSec" : 1.0338702580662316,
    "sentKBytesPerSec" : 63785.796840696494
  },
  "Escenario 2" : {
    "transaction" : "Escenario 2",
    "sampleCount" : 2384,
    "errorCount" : 4,
    "errorPct" : 0.16778524,
    "meanResTime" : 2517.2546140939517,
    "medianResTime" : 1735.5,
    "minResTime" : 926.0,
    "maxResTime" : 35550.0,
    "pct1ResTime" : 4063.0,
    "pct2ResTime" : 4818.5,
    "pct3ResTime" : 21247.400000000052,
    "throughput" : 3.9620678537358778,
    "receivedKBytesPerSec" : 1.0338702580662316,
    "sentKBytesPerSec" : 63785.796840696494
  }
}