{
  "Total" : {
    "transaction" : "Total",
    "sampleCount" : 20145,
    "errorCount" : 0,
    "errorPct" : 0.0,
    "meanResTime" : 592.2597666914867,
    "medianResTime" : 495.5,
    "minResTime" : 53.0,
    "maxResTime" : 9740.0,
    "pct1ResTime" : 894.0,
    "pct2ResTime" : 938.0,
    "pct3ResTime" : 1342.9900000000016,
    "throughput" : 333.80281690140845,
    "receivedKBytesPerSec" : 193.84657207953603,
    "sentKBytesPerSec" : 138.8671875
  },
  "Get Task - Escenario 1" : {
    "transaction" : "Get Task - Escenario 1",
    "sampleCount" : 20145,
    "errorCount" : 0,
    "errorPct" : 0.0,
    "meanResTime" : 592.2597666914867,
    "medianResTime" : 495.5,
    "minResTime" : 53.0,
    "maxResTime" : 9740.0,
    "pct1ResTime" : 894.0,
    "pct2ResTime" : 938.0,
    "pct3ResTime" : 1342.9900000000016,
    "throughput" : 333.80281690140845,
    "receivedKBytesPerSec" : 193.84657207953603,
    "sentKBytesPerSec" : 138.8671875
  }
}