{
  "Total" : {
    "transaction" : "Total",
    "sampleCount" : 348270,
    "errorCount" : 1,
    "errorPct" : 2.8713356E-4,
    "meanResTime" : 342.60826657478884,
    "medianResTime" : 130.0,
    "minResTime" : 81.0,
    "maxResTime" : 1865.0,
    "pct1ResTime" : 527.0,
    "pct2ResTime" : 561.0,
    "pct3ResTime" : 591.0,
    "throughput" : 580.2749503899657,
    "receivedKBytesPerSec" : 83.30496407021381,
    "sentKBytesPerSec" : 231.76930981289394
  },
  "Get Task - Escenario 1" : {
    "transaction" : "Get Task - Escenario 1",
    "sampleCount" : 348270,
    "errorCount" : 1,
    "errorPct" : 2.8713356E-4,
    "meanResTime" : 342.60826657478884,
    "medianResTime" : 130.0,
    "minResTime" : 81.0,
    "maxResTime" : 1865.0,
    "pct1ResTime" : 527.0,
    "pct2ResTime" : 561.0,
    "pct3ResTime" : 591.0,
    "throughput" : 580.2749503899657,
    "receivedKBytesPerSec" : 83.30496407021381,
    "sentKBytesPerSec" : 231.76930981289394
  }
}