{
  "Total" : {
    "transaction" : "Total",
    "sampleCount" : 3930,
    "errorCount" : 0,
    "errorPct" : 0.0,
    "meanResTime" : 1527.9847328244284,
    "medianResTime" : 1340.0,
    "minResTime" : 924.0,
    "maxResTime" : 4499.0,
    "pct1ResTime" : 2377.8,
    "pct2ResTime" : 2707.8999999999996,
    "pct3ResTime" : 3441.0,
    "throughput" : 6.529193636279057,
    "receivedKBytesPerSec" : 1.4137468132800142,
    "sentKBytesPerSec" : 105114.14709922556
  },
  "Escenario 2" : {
    "transaction" : "Escenario 2",
    "sampleCount" : 3930,
    "errorCount" : 0,
    "errorPct" : 0.0,
    "meanResTime" : 1527.9847328244284,
    "medianResTime" : 1340.0,
    "minResTime" : 924.0,
    "maxResTime" : 4499.0,
    "pct1ResTime" : 2377.8,
    "pct2ResTime" : 2707.8999999999996,
    "pct3ResTime" : 3441.0,
    "throughput" : 6.529193636279057,
    "receivedKBytesPerSec" : 1.4137468132800142,
    "sentKBytesPerSec" : 105114.14709922556
  }
}